{
  "best_global_step": null,
  "best_metric": null,
  "best_model_checkpoint": null,
  "epoch": 0.3861003861003861,
  "eval_steps": 500,
  "global_step": 75,
  "is_hyper_param_search": false,
  "is_local_process_zero": true,
  "is_world_process_zero": true,
  "log_history": [
    {
      "clip_ratio/high_max": 7.812500116415322e-05,
      "clip_ratio/high_mean": 7.812500116415322e-05,
      "clip_ratio/low_mean": 0.00023437500349245965,
      "clip_ratio/low_min": 0.00023437500349245965,
      "clip_ratio/region_mean": 0.0003125000046566129,
      "completions/clipped_ratio": 1.0,
      "completions/max_length": 80.0,
      "completions/max_terminated_length": 0.0,
      "completions/mean_length": 80.0,
      "completions/mean_terminated_length": 0.0,
      "completions/min_length": 80.0,
      "completions/min_terminated_length": 0.0,
      "entropy": 1.149616413936019,
      "epoch": 0.05148005148005148,
      "frac_reward_zero_std": 0.0,
      "grad_norm": 0.9155914783477783,
      "kl": 0.005483532206369546,
      "learning_rate": 1.76e-05,
      "loss": -0.014224520325660706,
      "num_tokens": 71364.0,
      "reward": -6.728684527533395,
      "reward_std": 3.5963235242026195,
      "rewards/format_reward_fn/mean": 0.38690476013081415,
      "rewards/format_reward_fn/std": 0.8338297243629184,
      "rewards/outcome_reward_fn/mean": -3.1274192248071944,
      "rewards/outcome_reward_fn/std": 4.238075256347656,
      "rewards/proposal_quality_reward_fn/mean": -3.988169619015285,
      "rewards/proposal_quality_reward_fn/std": 1.4921001493930817,
      "step": 10
    },
    {
      "clip_ratio/high_max": 0.0,
      "clip_ratio/high_mean": 0.0,
      "clip_ratio/low_mean": 0.0,
      "clip_ratio/low_min": 0.0,
      "clip_ratio/region_mean": 0.0,
      "completions/clipped_ratio": 1.0,
      "completions/max_length": 80.0,
      "completions/max_terminated_length": 0.0,
      "completions/mean_length": 80.0,
      "completions/mean_terminated_length": 0.0,
      "completions/min_length": 80.0,
      "completions/min_terminated_length": 0.0,
      "entropy": 1.1478319481015204,
      "epoch": 0.10296010296010295,
      "frac_reward_zero_std": 0.0,
      "grad_norm": 0.9554650783538818,
      "kl": 0.027395897134556434,
      "learning_rate": 1.4933333333333335e-05,
      "loss": 0.003758788853883743,
      "num_tokens": 137688.0,
      "reward": -7.260455424969013,
      "reward_std": 2.1556031153752255,
      "rewards/format_reward_fn/mean": 0.25641025602817535,
      "rewards/format_reward_fn/std": 0.915406726873838,
      "rewards/outcome_reward_fn/mean": -3.235112346135653,
      "rewards/outcome_reward_fn/std": 2.830347391275259,
      "rewards/proposal_quality_reward_fn/mean": -4.281753026522123,
      "rewards/proposal_quality_reward_fn/std": 1.4051208404394298,
      "step": 20
    },
    {
      "clip_ratio/high_max": 0.00015625000232830644,
      "clip_ratio/high_mean": 0.00015625000232830644,
      "clip_ratio/low_mean": 0.0,
      "clip_ratio/low_min": 0.0,
      "clip_ratio/region_mean": 0.00015625000232830644,
      "completions/clipped_ratio": 1.0,
      "completions/max_length": 80.0,
      "completions/max_terminated_length": 0.0,
      "completions/mean_length": 80.0,
      "completions/mean_terminated_length": 0.0,
      "completions/min_length": 80.0,
      "completions/min_terminated_length": 0.0,
      "entropy": 1.060309562459588,
      "epoch": 0.15444015444015444,
      "frac_reward_zero_std": 0.038461538461538464,
      "grad_norm": 0.741127073764801,
      "kl": 0.028067155087774152,
      "learning_rate": 1.2266666666666667e-05,
      "loss": 0.01117124930024147,
      "num_tokens": 204012.0,
      "reward": -6.28386899141165,
      "reward_std": 2.898375942156865,
      "rewards/format_reward_fn/mean": 0.46794871985912323,
      "rewards/format_reward_fn/std": 0.7696920541616586,
      "rewards/outcome_reward_fn/mean": -2.4607043954042287,
      "rewards/outcome_reward_fn/std": 3.0112361220213084,
      "rewards/proposal_quality_reward_fn/mean": -4.291112973139836,
      "rewards/proposal_quality_reward_fn/std": 1.172635284753946,
      "step": 30
    },
    {
      "clip_ratio/high_max": 0.0,
      "clip_ratio/high_mean": 0.0,
      "clip_ratio/low_mean": 0.0,
      "clip_ratio/low_min": 0.0,
      "clip_ratio/region_mean": 0.0,
      "completions/clipped_ratio": 1.0,
      "completions/max_length": 80.0,
      "completions/max_terminated_length": 0.0,
      "completions/mean_length": 80.0,
      "completions/mean_terminated_length": 0.0,
      "completions/min_length": 80.0,
      "completions/min_terminated_length": 0.0,
      "entropy": 0.8443071763962507,
      "epoch": 0.2059202059202059,
      "frac_reward_zero_std": 0.0,
      "grad_norm": NaN,
      "kl": 29.55464122059275,
      "learning_rate": 9.600000000000001e-06,
      "loss": 0.39631640911102295,
      "num_tokens": 274974.0,
      "reward": -6.096023321151733,
      "reward_std": 3.2383819137300764,
      "rewards/format_reward_fn/mean": 0.7202380895614624,
      "rewards/format_reward_fn/std": 0.6093160701649529,
      "rewards/outcome_reward_fn/mean": -2.738101610115596,
      "rewards/outcome_reward_fn/std": 3.454994891371046,
      "rewards/proposal_quality_reward_fn/mean": -4.078159434454782,
      "rewards/proposal_quality_reward_fn/std": 1.3191033346312386,
      "step": 40
    },
    {
      "clip_ratio/high_max": 0.0,
      "clip_ratio/high_mean": 0.0,
      "clip_ratio/low_mean": 0.0,
      "clip_ratio/low_min": 0.0,
      "clip_ratio/region_mean": 0.0,
      "completions/clipped_ratio": 1.0,
      "completions/max_length": 80.0,
      "completions/max_terminated_length": 0.0,
      "completions/mean_length": 80.0,
      "completions/mean_terminated_length": 0.0,
      "completions/min_length": 80.0,
      "completions/min_terminated_length": 0.0,
      "entropy": 0.7774919738993049,
      "epoch": 0.2574002574002574,
      "frac_reward_zero_std": 0.0,
      "grad_norm": 0.7687133550643921,
      "kl": 0.038964054742245936,
      "learning_rate": 7.2000000000000005e-06,
      "loss": 0.0011295124888420105,
      "num_tokens": 340494.0,
      "reward": -4.630723054592426,
      "reward_std": 4.376396894454956,
      "rewards/format_reward_fn/mean": 0.7884615384615384,
      "rewards/format_reward_fn/std": 0.4750064450960893,
      "rewards/outcome_reward_fn/mean": -1.9476627386533296,
      "rewards/outcome_reward_fn/std": 4.692133078208337,
      "rewards/proposal_quality_reward_fn/mean": -3.4715215609623837,
      "rewards/proposal_quality_reward_fn/std": 1.172076023541964,
      "step": 50
    },
    {
      "clip_ratio/high_max": 0.0,
      "clip_ratio/high_mean": 0.0,
      "clip_ratio/low_mean": 0.0,
      "clip_ratio/low_min": 0.0,
      "clip_ratio/region_mean": 0.0,
      "completions/clipped_ratio": 1.0,
      "completions/max_length": 80.0,
      "completions/max_terminated_length": 0.0,
      "completions/mean_length": 80.0,
      "completions/mean_terminated_length": 0.0,
      "completions/min_length": 80.0,
      "completions/min_terminated_length": 0.0,
      "entropy": 0.6707614780403673,
      "epoch": 0.3088803088803089,
      "frac_reward_zero_std": 0.0,
      "grad_norm": 0.6402952075004578,
      "kl": 0.27487994412513217,
      "learning_rate": 4.533333333333334e-06,
      "loss": 0.0004721209406852722,
      "num_tokens": 407220.0,
      "reward": -3.2009716033935547,
      "reward_std": 4.148441204657922,
      "rewards/format_reward_fn/mean": 0.9679487164203937,
      "rewards/format_reward_fn/std": 0.1665793496828813,
      "rewards/outcome_reward_fn/mean": -1.0035430846305995,
      "rewards/outcome_reward_fn/std": 4.456587956501887,
      "rewards/proposal_quality_reward_fn/mean": -3.16537697498615,
      "rewards/proposal_quality_reward_fn/std": 0.9925376360233014,
      "step": 60
    },
    {
      "clip_ratio/high_max": 0.0,
      "clip_ratio/high_mean": 0.0,
      "clip_ratio/low_mean": 0.0,